Time_ms,Algo_ms,E2E_ms,FPS,ErrX,ErrY,Yaw_Cmd,Pitch_Cmd
62.1,52.58,52.58,0.00,0,0,0,0
384.1,49.29,49.29,0.00,0,0,0,0
548.4,36.20,36.20,0.00,0,0,0,0
591.1,26.12,26.12,0.00,0,0,0,0
644.5,30.91,30.91,0.00,0,0,0,0
690.7,26.95,26.95,0.00,0,0,0,0
738.7,25.14,25.14,0.00,0,0,0,0
792.9,27.65,27.65,0.00,0,0,0,0
836.0,23.97,23.97,0.00,0,0,0,0
886.8,24.67,24.67,0.00,0,0,0,0
937.4,26.40,26.40,11.00,0,0,0,0
987.5,23.80,23.80,11.00,0,0,0,0
1033.6,20.95,20.95,11.00,0,0,0,0
1085.0,23.38,23.38,11.00,0,0,0,0
1136.8,26.17,26.17,11.00,0,0,0,0
1186.9,23.54,23.54,11.00,0,0,0,0
1242.8,30.43,30.43,11.00,0,0,0,0
1289.9,28.37,28.37,11.00,0,0,0,0
1339.0,27.88,27.88,11.00,0,0,0,0
1395.4,30.98,30.98,11.00,0,0,0,0
1449.9,38.75,38.75,20.00,0,0,0,0
1495.0,33.38,33.38,20.00,0,0,0,0
1543.2,31.91,31.91,20.00,0,0,0,0
1591.7,26.21,26.21,20.00,0,0,0,0
1647.3,36.40,36.40,20.00,0,0,0,0
1692.3,31.46,31.46,20.00,0,0,0,0
1742.1,30.85,30.85,20.00,0,0,0,0
1791.6,24.42,24.42,20.00,0,0,0,0
1842.8,31.00,31.00,20.00,0,0,0,0
1891.4,30.09,30.09,20.00,0,0,0,0
1941.9,30.15,30.15,20.00,0,0,0,0
1991.6,24.37,24.37,20.00,0,0,0,0
2043.7,29.81,29.81,20.00,0,0,0,0
2091.9,27.30,27.30,20.00,0,0,0,0
2143.6,29.03,29.03,20.00,0,0,0,0
2193.1,25.20,25.20,20.00,0,0,0,0
2245.6,31.41,31.41,20.00,0,0,0,0
2293.9,29.87,29.87,20.00,0,0,0,0
2344.4,29.35,29.35,20.00,0,0,0,0
2392.7,23.85,23.85,20.00,0,0,0,0
2440.6,25.92,25.92,19.88,0,0,0,0
2494.3,29.82,29.82,19.88,0,0,0,0
2545.6,28.08,28.08,19.88,0,0,0,0
2592.7,25.81,25.81,19.88,0,0,0,0
2644.6,30.24,30.24,19.88,0,0,0,0
2693.6,29.81,29.81,19.88,0,0,0,0
2745.0,29.45,29.45,19.88,0,0,0,0
2794.7,27.70,27.70,19.88,0,0,0,0
2844.7,30.77,30.77,19.88,0,0,0,0
2895.2,31.41,31.41,19.88,0,0,0,0
2945.5,31.39,31.40,20.04,0,0,0,0
2990.8,26.84,26.84,20.04,0,0,0,0
3042.4,28.66,28.66,20.04,0,0,0,0
3095.2,31.84,31.84,20.04,0,0,0,0
3145.0,31.15,31.15,20.04,0,0,0,0
3192.7,26.88,26.88,20.04,0,0,0,0
3243.4,30.12,30.12,20.04,0,0,0,0
3292.9,30.28,30.28,20.04,0,0,0,0
3343.7,31.54,31.54,20.04,0,0,0,0
3392.6,29.85,29.85,20.04,0,0,0,0
3442.0,30.68,30.68,20.06,0,0,0,0
3490.5,29.11,29.11,20.06,0,0,0,0
3542.8,30.83,30.83,20.06,0,0,0,0
3595.8,28.24,28.24,20.06,0,0,0,0
3642.5,30.50,30.50,20.06,0,0,0,0
3692.9,31.26,31.26,20.06,0,0,0,0
3744.4,32.49,32.49,20.06,0,0,0,0
3794.9,27.88,27.88,20.06,0,0,0,0
3850.4,39.11,39.11,20.06,0,0,0,0
3894.8,32.51,32.51,20.06,0,0,0,0
3945.8,33.22,33.22,19.99,0,0,0,0
3993.2,26.19,26.19,19.99,0,0,0,0
4045.3,29.42,29.42,19.99,0,0,0,0
4095.4,29.81,29.81,19.99,0,0,0,0
4146.5,29.94,29.94,19.99,0,0,0,0
4193.0,26.55,26.55,19.99,0,0,0,0
4248.8,34.64,34.64,19.99,0,0,0,0
4296.0,32.23,32.23,19.99,0,0,0,0
4346.1,30.43,30.43,19.99,0,0,0,0
4393.4,27.11,27.11,19.99,0,0,0,0
4443.3,28.87,28.87,19.90,0,0,0,0
4495.3,31.02,31.02,19.90,0,0,0,0
4545.5,31.86,31.86,19.90,0,0,0,0
4592.5,29.40,29.40,19.90,0,0,0,0
4641.9,30.39,30.39,19.90,0,0,0,0
4691.7,30.20,30.20,19.90,0,0,0,0
4743.2,30.51,30.51,19.90,0,0,0,0
4793.3,28.95,28.95,19.90,0,0,0,0
4848.4,36.84,36.84,19.90,0,0,0,0
4894.3,32.76,32.76,19.90,0,0,0,0
4944.4,32.16,32.16,20.12,0,0,0,0
4995.4,31.74,31.74,20.12,0,0,0,0
5039.3,28.34,28.34,20.12,0,0,0,0
5087.7,26.67,26.67,20.12,0,0,0,0
5161.3,49.87,49.87,20.12,0,0,0,0
5203.3,28.89,28.89,20.12,0,0,0,0
5255.5,31.39,31.39,20.12,0,0,0,0
5305.5,31.27,31.27,20.12,0,0,0,0
5353.5,25.87,25.87,20.12,0,0,0,0
5404.6,30.82,30.82,20.12,0,0,0,0
5454.3,30.34,30.34,19.52,0,0,0,0
5507.0,31.89,31.89,19.52,0,0,0,0
5555.3,29.04,29.04,19.52,0,0,0,0
5605.4,31.63,31.63,19.52,0,0,0,0
5654.6,30.99,30.99,19.52,0,0,0,0
5705.0,30.81,30.81,19.52,0,0,0,0
5754.3,28.73,28.73,19.52,0,0,0,0
5804.0,30.51,30.51,19.52,0,0,0,0
5853.4,29.90,29.90,19.52,0,0,0,0
5907.0,32.51,32.51,19.52,0,0,0,0
5952.6,26.79,26.79,20.00,0,0,0,0
6003.9,30.69,30.69,20.00,0,0,0,0
6054.5,31.92,31.92,20.00,0,0,0,0
6107.4,34.43,34.43,20.00,0,0,0,0
6152.3,26.44,26.44,20.00,0,0,0,0
6203.8,29.29,29.29,20.00,0,0,0,0
6254.6,29.79,29.79,20.00,0,0,0,0
6305.4,31.31,31.31,20.00,0,0,0,0
6352.9,28.40,28.40,20.00,0,0,0,0
6407.1,33.90,33.90,20.00,0,0,0,0
6455.7,32.63,32.63,20.03,0,0,0,0
6504.7,31.15,31.15,20.03,0,0,0,0
6552.8,24.97,24.97,20.03,0,0,0,0
6604.3,30.90,30.90,20.03,0,0,0,0
6654.6,31.70,31.70,20.03,0,0,0,0
6704.8,31.50,31.50,20.03,0,0,0,0
6753.4,25.62,25.62,20.03,0,0,0,0
6803.2,30.20,30.20,20.03,0,0,0,0
6852.4,29.87,29.87,20.03,0,0,0,0
6905.4,32.27,32.27,20.03,0,0,0,0
6951.5,27.05,27.05,20.01,0,0,0,0
7003.2,30.82,30.82,20.01,0,0,0,0
7051.3,28.67,28.67,20.01,0,0,0,0
7103.3,30.84,30.84,20.01,0,0,0,0
7153.1,27.88,27.88,20.01,0,0,0,0
7203.5,31.02,31.02,20.01,0,0,0,0
7252.5,30.44,30.44,20.01,0,0,0,0
7302.3,30.40,30.40,20.01,0,0,0,0
7363.2,26.75,26.75,20.01,0,0,0,0
7415.6,28.68,28.68,20.01,0,0,0,0
7468.1,26.27,26.27,19.44,0,0,0,0
7531.3,34.48,34.48,19.44,0,0,0,0
7581.1,37.31,37.31,19.44,0,0,0,0
7627.4,34.93,34.93,19.44,0,0,0,0
7672.9,27.50,27.50,19.44,0,0,0,0
7722.8,30.98,30.98,19.44,0,0,0,0
7772.1,30.52,30.52,19.44,0,0,0,0
7822.8,31.65,31.65,19.44,0,0,0,0
7871.4,26.50,26.50,19.44,0,0,0,0
7920.9,30.46,30.46,19.44,0,0,0,0
7970.9,30.47,30.47,19.87,0,0,0,0
8020.1,30.31,30.31,19.87,0,0,0,0
8071.8,25.50,25.50,19.87,0,0,0,0
8120.0,31.80,31.80,19.87,0,0,0,0
8169.0,30.07,30.07,19.87,0,0,0,0
8220.6,32.48,32.48,19.87,0,0,0,0
8271.6,26.69,26.69,19.87,0,0,0,0
8316.1,28.60,28.60,19.87,0,0,0,0
8368.5,30.66,30.66,19.87,0,0,0,0
8418.8,32.20,32.20,19.87,0,0,0,0
8470.1,31.40,31.40,20.16,0,0,0,0
8514.5,27.86,27.86,20.16,0,0,0,0
8565.8,28.73,28.73,20.16,0,0,0,0
8616.5,29.14,29.14,20.16,0,0,0,0
8668.0,25.96,25.96,20.16,0,0,0,0
8723.6,30.19,30.19,20.16,0,0,0,0
8769.4,32.69,32.69,20.16,0,0,0,0
8818.1,31.45,31.45,20.16,0,0,0,0
8870.6,27.49,27.49,20.16,0,0,0,0
8915.5,29.36,29.37,20.16,0,0,0,0
8973.3,36.73,36.73,20.01,0,0,0,0
9021.2,35.05,35.05,20.01,0,0,0,0
9072.8,31.40,31.40,20.01,0,0,0,0
9122.4,34.03,34.03,20.01,0,0,0,0
9168.3,31.11,31.11,20.01,0,0,0,0
9218.8,31.20,31.20,20.01,0,0,0,0
9270.6,25.10,25.10,20.01,0,0,0,0
9316.7,28.30,28.30,20.01,0,0,0,0
9365.9,27.41,27.41,20.01,0,0,0,0
9419.0,30.72,30.72,20.01,0,0,0,0
9471.0,25.11,25.11,19.94,0,0,0,0
9515.9,28.21,28.21,19.94,0,0,0,0
9565.8,28.84,28.84,19.94,0,0,0,0
9617.9,30.02,30.02,19.94,0,0,0,0
9669.6,26.19,26.19,19.94,0,0,0,0
9714.7,27.90,27.90,19.94,0,0,0,0
9767.9,31.20,31.20,19.94,0,0,0,0
9819.7,33.67,33.67,19.94,0,0,0,0
9870.5,29.82,29.82,19.94,0,0,0,0
9924.4,36.12,36.12,19.94,0,0,0,0
9970.3,33.46,33.46,20.03,0,0,0,0
10021.5,35.52,35.52,20.03,0,0,0,0
10072.0,34.88,34.88,20.03,0,0,0,0
10123.5,35.95,35.95,20.03,0,0,0,0
10167.6,30.68,30.68,20.03,0,0,0,0
10219.3,31.42,31.42,20.03,0,0,0,0
10271.9,26.91,26.91,20.03,0,0,0,0
10318.6,30.12,30.12,20.03,0,0,0,0
10367.9,29.49,29.49,20.03,0,0,0,0
10417.8,29.70,29.70,20.03,0,0,0,0
10469.3,25.94,25.94,19.95,0,0,0,0
10517.1,29.76,29.76,19.95,0,0,0,0
10568.1,30.53,30.53,19.95,0,0,0,0
10619.3,32.26,32.26,19.95,0,0,0,0
10671.5,28.30,28.30,19.95,0,0,0,0
10717.7,28.92,28.92,19.95,0,0,0,0
10767.9,29.37,29.37,19.95,0,0,0,0
10817.9,29.75,29.75,19.95,0,0,0,0
10870.9,27.81,27.81,19.95,0,0,0,0
10924.5,37.77,37.77,19.95,0,0,0,0
10966.7,30.61,30.61,20.07,0,0,0,0
11015.6,29.70,29.70,20.07,0,0,0,0
11069.5,26.48,26.48,20.07,0,0,0,0
11124.1,30.97,30.97,20.07,0,0,0,0
11170.8,31.39,31.39,20.07,0,0,0,0
11220.2,31.22,31.22,20.07,0,0,0,0
11270.6,24.73,24.73,20.07,0,0,0,0
11321.6,30.58,30.58,20.07,0,0,0,0
11371.1,30.55,30.55,20.07,0,0,0,0
11421.9,31.93,31.93,20.07,0,0,0,0
11473.1,26.44,26.44,19.85,0,0,0,0
11520.6,30.90,30.90,19.85,0,0,0,0
11570.2,30.66,30.66,19.85,0,0,0,0
11619.2,30.72,30.72,19.85,0,0,0,0
11683.4,38.11,38.11,19.85,0,0,0,0
11729.7,33.14,33.14,19.85,0,0,0,0
11780.5,33.28,33.28,19.85,0,0,0,0
11831.7,29.39,29.39,19.85,0,0,0,0
11883.6,34.53,34.53,19.85,0,0,0,0
11932.1,32.35,32.35,19.85,0,0,0,0
11982.9,32.86,32.86,19.61,0,0,0,0
12033.9,31.62,31.62,19.61,0,0,0,0
12079.3,29.94,29.94,19.61,0,0,0,0
12130.0,30.73,30.73,19.61,0,0,0,0
12181.0,32.23,32.23,19.61,0,0,0,0
12243.9,37.21,37.21,19.61,0,0,0,0
12291.3,34.78,34.78,19.61,0,0,0,0
12337.4,30.88,30.88,19.61,0,0,0,0
12389.6,26.28,26.28,19.61,0,0,0,0
12434.2,27.82,27.82,19.61,0,0,0,0
12486.4,30.20,30.20,19.77,0,0,0,0
12535.9,30.83,30.83,19.77,0,0,0,0
12587.6,31.93,31.93,19.77,0,0,0,0
12634.3,28.18,28.18,19.77,0,0,0,0
12688.3,33.41,33.41,19.77,0,0,0,0
12738.3,34.11,34.11,19.77,0,0,0,0
12788.5,34.90,34.90,19.77,0,0,0,0
12833.4,27.36,27.36,19.77,0,0,0,0
12885.0,29.33,29.33,19.77,0,0,0,0
12934.9,30.31,30.31,19.77,0,0,0,0
12985.9,31.42,31.42,20.06,0,0,0,0
13034.2,25.94,25.94,20.06,0,0,0,0
13086.1,30.16,30.16,20.06,0,0,0,0
13136.5,31.28,31.28,20.06,0,0,0,0
13189.4,28.99,28.99,20.06,0,0,0,0
13234.4,29.53,29.53,20.06,0,0,0,0
13285.7,29.91,29.91,20.06,0,0,0,0
13335.7,30.69,30.69,20.06,0,0,0,0
13386.7,30.99,30.99,20.06,0,0,0,0
13433.1,27.81,27.81,20.06,0,0,0,0
13481.9,26.76,26.76,19.97,0,0,0,0
13534.9,30.78,30.79,19.97,0,0,0,0
13585.9,31.85,31.85,19.97,0,0,0,0
13633.3,27.73,27.73,19.97,0,0,0,0
13685.3,31.68,31.68,19.97,0,0,0,0
13735.7,31.19,31.19,19.97,0,0,0,0
13787.3,33.25,33.25,19.97,0,0,0,0
13837.1,27.11,27.11,19.97,0,0,0,0
13888.1,29.72,29.72,19.97,0,0,0,0
13939.9,31.47,31.47,19.97,0,0,0,0
13991.3,26.92,26.92,19.87,0,0,0,0
14036.7,29.19,29.19,19.87,0,0,0,0
14086.8,29.53,29.53,19.87,0,0,0,0
14136.9,29.69,29.69,19.87,0,0,0,0
14188.9,26.00,26.00,19.87,0,0,0,0
14235.9,28.74,28.74,19.87,0,0,0,0
14287.4,30.08,30.08,19.87,0,0,0,0
14337.2,30.49,30.49,19.87,0,0,0,0
14389.0,27.95,27.95,19.87,0,0,0,0
14437.4,28.83,28.83,19.87,0,0,0,0
14489.4,31.01,31.01,19.98,0,0,0,0
14540.0,32.08,32.08,19.98,0,0,0,0
14591.7,30.27,30.27,19.98,0,0,0,0
14637.5,28.93,28.93,19.98,0,0,0,0
14693.0,34.65,34.65,19.98,0,0,0,0
14744.3,36.44,36.44,19.98,0,0,0,0
14791.0,31.33,31.33,19.98,0,0,0,0
14837.5,29.90,29.90,19.98,0,0,0,0
14888.4,30.94,30.94,19.98,0,0,0,0
14939.2,32.37,32.37,19.98,0,0,0,0
14993.0,27.73,27.73,19.99,0,0,0,0
15044.5,34.23,34.23,19.99,0,0,0,0
15093.5,33.02,33.02,19.99,0,0,0,0
15143.9,32.98,32.98,19.99,0,0,0,0
15202.0,38.31,38.31,19.99,0,0,0,0
15245.7,31.72,31.72,19.99,0,0,0,0
15293.5,30.09,30.09,19.99,0,0,0,0
15349.2,36.05,36.05,19.99,0,0,0,0
15399.3,33.70,33.70,19.99,0,0,0,0
15444.5,30.48,30.48,19.99,0,0,0,0
15498.7,34.79,34.79,19.80,0,0,0,0
15549.3,35.13,35.13,19.80,0,0,0,0
15603.5,37.41,37.41,19.80,0,0,0,0
15652.5,37.19,37.19,19.80,0,0,0,0
15702.9,38.10,38.10,19.80,0,0,0,0
15749.0,34.00,34.00,19.80,0,0,0,0
15793.5,27.98,27.98,19.80,0,0,0,0
15844.3,29.46,29.46,19.80,0,0,0,0
15900.6,35.94,35.94,19.80,0,0,0,0
15948.1,34.13,34.13,19.80,0,0,0,0
15997.1,29.21,29.21,19.83,0,0,0,0
16047.2,29.65,29.65,19.83,0,0,0,0
16098.6,30.99,30.99,19.83,0,0,0,0
16149.5,25.48,25.48,19.83,0,0,0,0
16201.0,33.36,33.36,19.83,0,0,0,0
16250.3,32.78,32.78,19.83,0,0,0,0
16301.6,33.98,33.98,19.83,0,0,0,0
16349.7,32.55,32.55,19.83,0,0,0,0
16393.2,27.07,27.07,19.83,0,0,0,0
16445.4,28.81,28.81,19.83,0,0,0,0
16495.6,29.64,29.64,20.10,0,0,0,0
16547.7,26.15,26.15,20.10,0,0,0,0
16592.0,26.84,26.84,20.10,0,0,0,0
16643.7,28.79,28.79,20.10,0,0,0,0
16695.0,29.77,29.77,20.10,0,0,0,0
16747.5,26.81,26.81,20.10,0,0,0,0
16792.4,27.00,27.00,20.10,0,0,0,0
16844.6,29.88,29.88,20.10,0,0,0,0
16895.6,31.40,31.40,20.10,0,0,0,0
16948.4,33.09,33.09,20.10,0,0,0,0
16992.8,27.11,27.11,20.00,0,0,0,0
17044.1,28.89,28.89,20.00,0,0,0,0
17095.9,31.23,31.23,20.00,0,0,0,0
17145.9,31.20,31.20,20.00,0,0,0,0
17192.3,27.30,27.30,20.00,0,0,0,0
17242.7,29.17,29.17,20.00,0,0,0,0
17292.8,29.51,29.51,20.00,0,0,0,0
17344.6,30.63,30.63,20.00,0,0,0,0
17393.4,28.40,28.40,20.00,0,0,0,0
17443.2,30.24,30.24,20.00,0,0,0,0
17492.7,30.27,30.27,20.13,0,0,0,0
17543.1,31.35,31.35,20.13,0,0,0,0
17592.3,25.25,25.25,20.13,0,0,0,0
17641.8,31.40,31.40,20.13,0,0,0,0
17690.6,30.26,30.26,20.13,0,0,0,0
17740.2,30.89,30.89,20.13,0,0,0,0
17790.3,28.44,28.44,20.13,0,0,0,0
17841.4,31.60,31.60,20.13,0,0,0,0
17890.2,30.36,30.36,20.13,0,0,0,0
17941.2,32.07,32.07,20.13,0,0,0,0
17993.4,30.27,30.27,20.16,0,0,0,0
18040.3,30.86,30.86,20.16,0,0,0,0
18091.4,31.94,31.94,20.16,0,0,0,0
18142.7,33.68,33.68,20.16,0,0,0,0
18193.6,31.43,31.43,20.16,0,0,0,0
18245.9,36.27,36.27,20.16,0,0,0,0
18291.5,31.88,31.88,20.16,0,0,0,0
18341.2,31.71,31.71,20.16,0,0,0,0
18391.8,25.32,25.32,20.16,0,0,0,0
18448.7,37.92,37.92,20.16,0,0,0,0
18492.9,32.65,32.65,19.92,0,0,0,0
18546.3,35.98,35.98,19.92,0,0,0,0
18592.3,29.71,29.71,19.92,0,0,0,0
18643.8,32.74,32.74,19.92,0,0,0,0
18692.7,31.17,31.17,19.92,0,0,0,0
18744.4,33.82,33.82,19.92,0,0,0,0
18794.2,28.81,28.81,19.92,0,0,0,0
18844.0,31.37,31.37,19.92,0,0,0,0
18892.5,32.45,32.45,19.92,0,0,0,0
18943.9,33.73,33.73,19.92,0,0,0,0
18993.8,31.61,31.61,20.04,0,0,0,0
19041.3,31.64,31.64,20.04,0,0,0,0
19088.4,28.57,28.57,20.04,0,0,0,0
19141.8,32.69,32.69,20.04,0,0,0,0
19193.1,27.83,27.83,20.04,0,0,0,0
19240.2,30.77,30.77,20.04,0,0,0,0
19292.4,32.82,32.82,20.04,0,0,0,0
19343.2,34.73,34.73,20.04,0,0,0,0
19393.7,32.51,32.51,20.04,0,0,0,0
19441.9,31.86,31.86,20.04,0,0,0,0
19490.0,29.64,29.64,19.97,0,0,0,0
19540.3,30.97,30.97,19.97,0,0,0,0
19591.9,25.67,25.67,19.97,0,0,0,0
19641.8,30.66,30.66,19.97,0,0,0,0
19690.8,29.89,29.89,19.97,0,0,0,0
19742.4,31.12,31.12,19.97,0,0,0,0
19791.2,24.74,24.74,19.97,0,0,0,0
19848.2,37.57,37.57,19.97,0,0,0,0
19897.4,37.36,37.36,19.97,0,0,0,0
19947.5,38.12,38.12,19.97,0,0,0,0
19998.0,30.51,30.51,19.72,0,0,0,0
20049.6,32.93,32.93,19.72,0,0,0,0
20099.8,32.43,32.43,19.72,0,0,0,0
20151.1,27.95,27.95,19.72,0,0,0,0
20197.9,29.98,29.98,19.72,0,0,0,0
20248.4,31.28,31.28,19.72,0,0,0,0
20300.7,33.31,33.31,19.72,0,0,0,0
20351.9,26.15,26.15,19.72,0,0,0,0
20393.8,25.85,25.85,19.72,0,0,0,0
20445.8,28.49,28.49,19.72,0,0,0,0
20496.9,29.35,29.35,20.01,0,0,0,0
20550.8,25.44,25.44,20.01,0,0,0,0
20593.7,26.77,26.77,20.01,0,0,0,0
20645.7,28.47,28.48,20.01,0,0,0,0
20697.9,30.57,30.57,20.01,0,0,0,0
20749.5,25.40,25.40,20.01,0,0,0,0
20795.4,28.16,28.16,20.01,0,0,0,0
20845.9,28.74,28.74,20.01,0,0,0,0
20896.6,29.10,29.10,20.01,0,0,0,0
20948.3,25.42,25.42,20.01,0,0,0,0
20993.8,26.87,26.87,20.00,0,0,0,0
21045.2,28.48,28.48,20.00,0,0,0,0
21096.9,31.00,31.00,20.00,0,0,0,0
21147.1,31.17,31.17,20.00,0,0,0,0
21193.8,27.27,27.27,20.00,0,0,0,0
21244.4,28.61,28.61,20.00,0,0,0,0
21294.6,29.43,29.43,20.00,0,0,0,0
21346.0,29.77,29.77,20.00,0,0,0,0
21393.9,25.69,25.69,20.00,0,0,0,0
21444.5,30.31,30.31,20.00,0,0,0,0
21495.6,31.00,31.00,20.11,0,0,0,0
21549.6,34.93,34.93,20.11,0,0,0,0
21594.7,28.48,28.48,20.11,0,0,0,0
21646.1,30.11,30.11,20.11,0,0,0,0
21695.2,29.93,29.93,20.11,0,0,0,0
21747.8,29.51,29.51,20.11,0,0,0,0
21793.7,28.29,28.29,20.11,0,0,0,0
21845.3,29.51,29.51,20.11,0,0,0,0
21895.0,30.52,30.52,20.11,0,0,0,0
21946.2,31.64,31.64,20.11,0,0,0,0
21993.1,27.66,27.66,20.02,0,0,0,0
22046.1,32.36,32.36,20.02,0,0,0,0
22095.5,31.83,31.83,20.02,0,0,0,0
22146.4,32.62,32.62,20.02,0,0,0,0
22198.4,33.18,33.18,20.02,0,0,0,0
22245.1,32.05,32.05,20.02,0,0,0,0
22298.6,35.38,35.38,20.02,0,0,0,0
22347.5,35.26,35.26,20.02,0,0,0,0
22392.5,27.13,27.13,20.02,0,0,0,0
22442.9,29.88,29.88,20.02,0,0,0,0
22493.1,29.43,29.43,20.03,-219,-108,-26,12
22542.8,29.07,29.07,20.03,0,0,0,0
22591.7,25.05,25.05,20.03,0,0,0,0
22642.6,28.59,28.59,20.03,0,0,0,0
22692.7,29.00,29.00,20.03,0,0,0,0
22744.1,30.52,30.52,20.03,0,0,0,0
22797.1,30.47,30.47,20.03,0,0,0,0
22843.3,31.07,31.07,20.03,0,0,0,0
22891.4,29.34,29.34,20.03,0,0,0,0
22941.7,29.51,29.51,20.03,0,0,0,0
22990.9,23.70,23.70,20.00,0,0,0,0
23041.1,28.25,28.25,20.00,0,0,0,0
23092.2,29.05,29.05,20.00,0,0,0,0
23142.5,29.86,29.86,20.00,0,0,0,0
23189.9,24.16,24.16,20.00,0,0,0,0
23242.4,29.44,29.44,20.00,-187,-145,-22,17
23291.7,28.50,28.50,20.00,-183,-150,-21,18
23343.8,30.59,30.59,20.00,0,0,0,0
23391.4,27.43,27.43,20.00,0,0,0,0
23441.2,29.22,29.22,20.00,0,0,0,0
23490.9,29.25,29.25,20.06,0,0,0,0
23541.7,30.21,30.21,20.06,0,0,0,0
23593.8,27.78,27.78,20.06,0,0,0,0
23645.6,34.52,34.52,20.06,0,0,0,0
23690.5,29.64,29.64,20.06,0,0,0,0
23740.5,29.70,29.70,20.06,0,0,0,0
23791.2,25.07,25.07,20.06,0,0,0,0
23836.5,26.40,26.40,20.06,0,0,0,0
23886.5,26.47,26.47,20.06,0,0,0,0
23937.3,27.29,27.29,20.06,0,0,0,0
23987.3,24.02,24.02,20.08,0,0,0,0
24036.1,26.57,26.57,20.08,0,0,0,0
24086.1,27.36,27.36,20.08,0,0,0,0
24139.3,30.60,30.60,20.08,0,0,0,0
24190.7,24.94,24.94,20.08,0,0,0,0
24238.2,26.01,26.01,20.08,0,0,0,0
24288.9,26.56,26.56,20.08,0,0,0,0
24338.8,26.96,26.96,20.08,0,0,0,0
24389.4,24.17,24.17,20.08,0,0,0,0
24437.0,25.45,25.45,20.08,0,0,0,0
24489.2,27.71,27.71,19.95,0,0,0,0
24539.9,29.66,29.66,19.95,0,0,0,0
24591.2,29.36,29.36,19.95,0,0,0,0
24641.9,31.78,31.78,19.95,0,0,0,0
24690.1,29.81,29.81,19.95,0,0,0,0
24739.7,30.03,30.03,19.95,0,0,0,0
24791.7,25.43,25.43,19.95,0,0,0,0
24839.9,29.84,29.84,19.95,-371,-135,-44,16
24888.1,28.23,28.23,19.95,-389,-139,-46,16
24939.6,29.73,29.73,19.95,-396,-138,-47,16
24990.9,25.41,25.41,20.04,-396,-136,-47,16
25037.5,28.04,28.04,20.04,-392,-132,-47,15
25087.6,28.42,28.42,20.04,-390,-130,-46,15
25140.0,30.44,30.44,20.04,-388,-129,-46,15
25191.5,25.22,25.22,20.04,-388,-129,-46,15
25236.5,27.26,27.26,20.04,-377,-125,-45,15
25293.6,34.94,34.94,20.04,-363,-120,-43,14
25341.4,32.78,32.78,20.04,-346,-115,-41,13
25392.8,28.62,28.62,20.04,-328,-110,-39,13
25434.0,25.11,25.11,20.04,-288,-97,-34,11
25483.8,24.47,24.47,20.04,-268,-90,-32,10
25532.5,23.87,23.87,20.04,-249,-83,-29,9
25584.1,23.67,23.67,20.04,-231,-78,-27,9
25629.9,19.66,19.66,20.04,-195,-68,-23,8
25678.4,20.20,20.20,20.04,-177,-62,-21,7
25730.7,23.47,23.47,20.04,-160,-56,-19,6
25781.3,22.29,22.29,20.04,-146,-51,-17,6
25828.5,21.33,21.33,20.04,-136,-48,-16,5
25877.4,20.48,20.48,20.04,-119,-44,-14,5
25930.7,24.90,24.90,20.04,-111,-43,-13,5
25981.6,22.32,22.32,20.05,-101,-40,-12,4
26028.0,19.82,19.82,20.05,-78,-34,-9,4
26083.5,25.97,25.97,20.05,-65,-30,-7,3
26133.3,24.76,24.76,20.05,-52,-24,-6,2
26184.2,23.72,23.72,20.05,-41,-19,-4,2
26234.9,25.07,25.07,20.05,-20,-12,-2,0
26281.6,23.74,23.74,20.05,0,0,0,0
26331.7,24.54,24.54,20.05,0,0,0,0
26383.8,20.08,20.08,20.05,0,0,0,0
26433.3,18.79,18.79,20.05,0,0,0,0
26485.6,23.00,23.00,19.75,0,0,0,0
26538.3,25.40,25.40,19.75,0,0,0,0
26585.9,21.25,21.25,19.75,0,0,0,0
26632.5,19.34,19.34,19.75,0,0,0,0
26682.5,20.83,20.83,19.75,0,0,0,0
26736.6,25.50,25.50,19.75,25,-2,3,0
26786.5,22.64,22.64,19.75,22,-1,2,0
26832.8,20.11,20.11,19.75,0,0,0,0
26885.5,24.54,24.54,19.75,10,6,0,0
26939.0,28.31,28.31,19.75,7,11,0,0
26988.0,22.66,22.66,20.09,8,13,0,0
27036.0,23.75,23.75,20.09,12,16,0,-1
27086.1,24.36,24.36,20.09,9,17,0,-2
27137.1,26.18,26.18,20.09,9,15,0,0
27185.4,21.76,21.76,20.09,10,12,0,0
27232.2,20.10,20.10,20.09,8,8,0,0
27284.6,24.35,24.35,20.09,10,6,0,0
27335.0,24.97,24.97,20.09,16,4,1,0
27385.9,23.43,23.43,20.09,25,-2,3,0
27432.5,19.82,19.82,20.09,58,-13,6,0
27486.3,25.80,25.80,20.00,79,-17,9,2
27536.7,25.97,25.97,20.00,100,-18,12,2
27585.5,22.10,22.10,20.00,117,-17,14,2
27631.6,19.56,19.56,20.00,156,-15,18,0
27682.6,22.94,22.94,20.00,173,-16,20,1
27735.8,26.47,26.47,20.00,188,-19,22,2
27784.8,22.59,22.59,20.00,208,-21,24,2
27830.8,19.40,19.40,20.00,241,-21,28,2
27881.7,22.50,22.50,20.00,255,-19,30,2
27932.0,23.70,23.70,20.00,269,-17,32,2
27982.4,22.18,22.18,20.10,281,-15,33,0
28029.7,20.38,20.38,20.10,311,-12,37,0
28081.0,22.80,22.80,20.10,327,-10,39,0
28133.3,25.55,25.55,20.10,335,-8,40,0
28184.0,23.21,23.21,20.10,340,-6,40,0
28230.7,20.69,20.69,20.10,343,-1,41,0
28279.7,21.90,21.90,20.10,342,1,41,0
28330.5,23.83,23.83,20.10,338,3,40,0
28382.1,22.32,22.32,20.10,333,5,39,0
28428.4,19.67,19.67,20.10,319,5,38,0
28476.8,19.81,19.81,20.05,308,5,36,0
28530.7,24.25,24.25,20.05,297,5,35,0
28580.9,21.76,21.76,20.05,288,4,34,0
28627.1,19.44,19.44,20.05,280,1,33,0
28674.9,18.82,18.82,20.05,278,-1,33,0
28730.9,25.69,25.69,20.05,0,0,0,0
28782.9,25.26,25.26,20.05,0,0,0,0
28829.4,20.90,20.90,20.05,0,0,0,0
28879.1,22.49,22.49,20.05,0,0,0,0
28929.8,25.01,25.01,20.05,0,0,0,0
28981.8,25.24,25.24,20.11,0,0,0,0
29029.6,21.63,21.63,20.11,0,0,0,0
29077.1,22.20,22.20,20.11,0,0,0,0
29132.5,27.58,27.58,20.11,0,0,0,0
29183.1,27.59,27.59,20.11,0,0,0,0
29230.2,21.00,21.00,20.11,0,0,0,0
29280.1,25.23,25.23,20.11,0,0,0,0
29336.1,30.86,30.86,20.11,0,0,0,0
29387.1,29.81,29.81,20.11,0,0,0,0
29433.5,26.84,26.84,20.11,0,0,0,0
29481.8,28.39,28.39,20.07,0,0,0,0
29534.2,30.51,30.51,20.07,0,0,0,0
29582.5,29.13,29.13,20.07,0,0,0,0
29630.3,23.54,23.54,20.07,0,0,0,0
29683.3,27.63,27.63,20.07,0,0,0,0
29732.5,28.89,28.89,20.07,0,0,0,0
29784.4,30.23,30.23,20.07,329,-30,39,3
29835.1,29.76,29.76,20.07,325,-30,39,3
29887.9,35.29,35.29,20.07,0,0,0,0
29933.6,31.41,31.41,20.07,0,0,0,0
29983.2,31.43,31.43,20.07,0,0,0,0
30031.6,26.05,26.05,20.07,0,0,0,0
30078.0,26.46,26.46,20.07,0,0,0,0
30129.2,28.24,28.24,20.07,0,0,0,0
30181.1,30.03,30.03,20.07,0,0,0,0
30231.8,30.17,30.17,20.07,0,0,0,0
30289.6,36.89,36.89,20.07,0,0,0,0
30332.2,30.89,30.89,20.07,60,-75,7,9
30381.5,30.72,30.72,20.07,53,-75,6,9
30432.2,24.83,24.83,20.07,48,-76,5,9
30477.7,27.51,27.51,20.04,49,-75,5,9
30526.7,25.92,25.92,20.04,54,-75,6,9
30578.9,28.56,28.56,20.04,65,-73,7,8
30632.6,27.47,27.47,20.04,77,-72,9,8
30678.4,27.48,27.48,20.04,101,-63,12,7
30729.3,28.12,28.12,20.04,0,0,0,0
30779.5,28.76,28.76,20.04,0,0,0,0
30832.3,26.40,26.40,20.04,0,0,0,0
30882.5,27.90,27.90,20.04,0,0,0,0
30932.6,29.28,29.28,20.04,0,0,0,0
30980.9,28.18,28.18,19.93,0,0,0,0
31030.8,23.85,23.85,19.93,0,0,0,0
31082.5,31.34,31.34,19.93,0,0,0,0
31131.4,30.39,30.39,19.93,346,6,41,0
31180.3,30.07,30.07,19.93,348,7,41,0
31230.3,23.69,23.69,19.93,355,6,42,0
31279.5,27.03,27.03,19.93,0,0,0,0
31330.4,28.19,28.19,19.93,0,0,0,0
31380.5,28.33,28.33,19.93,0,0,0,0
31429.8,27.28,27.28,19.93,0,0,0,0
31475.8,24.56,24.56,20.06,0,0,0,0
31527.0,25.46,25.46,20.06,0,0,0,0
31576.7,26.06,26.06,20.06,0,0,0,0
31625.8,22.28,22.28,20.06,0,0,0,0
31672.5,20.56,20.56,20.06,0,0,0,0
31727.2,25.51,25.51,20.06,0,0,0,0
31778.5,27.06,27.06,20.06,0,0,0,0
31828.1,22.62,22.62,20.06,0,0,0,0
31875.9,24.42,24.42,20.06,0,0,0,0
31927.4,25.71,25.71,20.06,0,0,0,0
31980.8,30.06,30.06,20.01,0,0,0,0
32029.6,24.54,24.54,20.01,0,0,0,0
32077.2,24.63,24.63,20.01,0,0,0,0
32127.6,25.32,25.32,20.01,0,0,0,0
32177.0,25.53,25.53,20.01,401,34,48,-4
32227.8,24.12,24.12,20.01,0,0,0,0
32276.4,24.46,24.46,20.01,400,35,48,-4
32325.7,23.66,23.66,20.01,0,0,0,0
32378.4,26.98,26.98,20.01,0,0,0,0
32429.3,24.66,24.66,20.01,398,35,47,-4
32479.4,27.90,27.90,19.97,0,0,0,0
32525.3,23.58,23.58,19.97,0,0,0,0
32578.4,27.07,27.07,19.97,0,0,0,0
32627.7,23.65,23.65,19.97,0,0,0,0
32674.1,23.81,23.81,19.97,0,0,0,0
32726.9,27.37,27.37,19.97,347,31,41,-3
32777.9,28.19,28.19,19.97,0,0,0,0
32831.1,26.75,26.75,19.97,335,32,40,-3
32876.3,27.97,27.97,19.97,0,0,0,0
32925.8,27.58,27.58,19.97,0,0,0,0
32975.8,27.32,27.32,20.13,0,0,0,0
33026.8,25.20,25.20,20.13,0,0,0,0
33072.7,24.24,24.24,20.13,0,0,0,0
33123.7,26.43,26.43,20.13,0,0,0,0
33173.5,27.11,27.11,20.13,0,0,0,0
33225.0,25.82,25.82,20.13,0,0,0,0
33272.4,24.52,24.52,20.13,280,34,33,-4
33323.3,27.79,27.79,20.13,277,34,33,-4
33376.4,31.19,31.19,20.13,0,0,0,0
33425.9,29.48,29.48,20.13,0,0,0,0
33472.7,25.31,25.31,20.08,0,0,0,0
33523.2,26.86,26.86,20.08,271,33,32,-3
33574.2,28.12,28.12,20.08,270,33,32,-3
33626.5,28.41,28.41,20.08,269,34,32,-4
33672.9,24.87,24.87,20.08,0,0,0,0
33722.5,25.92,25.92,20.08,0,0,0,0
33773.0,26.59,26.59,20.08,242,33,29,-3
33824.7,25.36,25.36,20.08,237,33,28,-3
33872.1,24.75,24.75,20.08,229,33,27,-3
33937.9,41.52,41.52,20.08,0,0,0,0
33981.9,32.49,32.49,19.86,0,0,0,0
34031.7,25.95,25.95,19.86,0,0,0,0
34076.3,26.02,26.02,19.86,0,0,0,0
34126.8,25.93,25.93,19.86,0,0,0,0
34176.3,26.16,26.16,19.86,0,0,0,0
34227.0,23.33,23.33,19.86,0,0,0,0
34274.8,24.38,24.38,19.86,0,0,0,0
34326.7,25.97,25.97,19.86,0,0,0,0
34377.4,27.31,27.31,19.86,0,0,0,0
34427.5,23.44,23.44,19.86,0,0,0,0
34479.4,30.11,30.11,20.04,134,29,16,-3
34527.9,29.13,29.13,20.04,0,0,0,0
34578.0,29.79,29.79,20.04,0,0,0,0
34627.7,23.99,23.99,20.04,0,0,0,0
34673.1,25.17,25.17,20.04,0,0,0,0
34723.4,25.73,25.73,20.04,0,0,0,0
34774.6,27.58,27.58,20.04,0,0,0,0
34825.9,24.42,24.42,20.04,0,0,0,0
34873.6,25.10,25.10,20.04,129,29,15,-3
34923.9,27.07,27.07,20.04,0,0,0,0
34973.8,27.29,27.29,20.11,0,0,0,0
35024.9,25.03,25.03,20.11,0,0,0,0
35071.9,24.53,24.53,20.11,0,0,0,0
35125.6,30.44,30.44,20.11,0,0,0,0
35178.0,32.82,32.82,20.11,127,31,15,-3
35233.5,35.45,35.46,20.11,0,0,0,0
35285.9,35.88,35.88,20.11,0,0,0,0
35333.8,33.94,33.94,20.11,0,0,0,0
35383.8,33.98,33.98,20.11,118,30,14,-3
35432.3,31.57,31.57,20.11,116,29,13,-3
35490.2,40.44,40.44,19.87,0,0,0,0
35534.3,34.01,34.01,19.87,0,0,0,0
35582.6,30.86,30.86,19.87,0,0,0,0
35633.1,26.37,26.37,19.87,0,0,0,0
35678.1,27.52,27.52,19.87,0,0,0,0
35727.7,28.09,28.09,19.87,0,0,0,0
35778.2,28.86,28.86,19.87,0,0,0,0
35828.4,24.34,24.34,19.87,0,0,0,0
35875.5,25.04,25.04,19.87,0,0,0,0
35929.2,30.06,30.06,19.87,0,0,0,0
35978.1,28.85,28.85,20.02,0,0,0,0
36030.0,25.43,25.43,20.02,0,0,0,0
36083.4,33.98,33.98,20.02,0,0,0,0
36128.3,30.33,30.33,20.02,0,0,0,0
36179.2,31.44,31.44,20.02,0,0,0,0
36231.4,26.32,26.32,20.02,0,0,0,0
36281.4,30.09,30.09,20.02,0,0,0,0
36331.3,29.89,29.89,20.02,0,0,0,0
36381.4,29.63,29.63,20.02,0,0,0,0
36431.5,24.08,24.08,20.02,0,0,0,0
36485.6,32.66,32.66,19.87,0,0,0,0
36535.1,33.47,33.47,19.87,0,0,0,0
36585.6,34.65,34.65,19.87,0,0,0,0
36640.3,36.80,36.80,19.87,0,0,0,0
36682.1,29.20,29.20,19.87,0,0,0,0
36734.7,31.77,31.77,19.87,0,0,0,0
36784.8,31.51,31.51,19.87,0,0,0,0
36832.3,29.27,29.27,19.87,0,0,0,0
36883.3,30.93,30.93,19.87,0,0,0,0
36933.5,30.89,30.89,19.87,0,0,0,0
36984.5,31.96,31.96,20.00,0,0,0,0
37034.3,31.21,31.21,20.00,0,0,0,0
37082.7,30.67,30.67,20.00,0,0,0,0
37135.9,33.36,33.36,20.00,0,0,0,0
37188.6,36.79,36.79,20.00,0,0,0,0
37244.5,37.85,37.85,20.00,0,0,0,0
37287.5,31.25,31.25,20.00,0,0,0,0
37339.2,33.25,33.25,20.00,0,0,0,0
37391.4,30.96,30.96,20.00,0,0,0,0
37445.2,37.11,37.11,20.00,0,0,0,0
37486.7,28.90,28.90,19.77,0,0,0,0
37539.5,31.36,31.36,19.77,0,0,0,0
37591.3,26.46,26.46,19.77,0,0,0,0
37638.0,30.75,30.75,19.77,0,0,0,0
37689.0,32.12,32.12,19.77,0,0,0,0
37738.3,31.40,31.40,19.77,0,0,0,0
37789.6,31.01,31.01,19.77,0,0,0,0
37836.3,30.25,30.25,19.77,0,0,0,0
37887.2,31.31,31.31,19.77,0,0,0,0
37939.1,33.10,33.10,19.77,0,0,0,0
37991.0,30.50,30.50,20.09,0,0,0,0
38037.4,30.45,30.45,20.09,0,0,0,0
38088.9,31.01,31.01,20.09,0,0,0,0
38140.1,33.24,33.24,20.09,0,0,0,0
38192.1,27.18,27.18,20.09,0,0,0,0
38239.4,30.27,30.27,20.09,0,0,0,0
38293.4,33.99,33.99,20.09,0,0,0,0
38346.1,37.63,37.63,20.09,0,0,0,0
38393.7,30.89,30.89,20.09,0,0,0,0
38442.6,32.65,32.65,20.09,0,0,0,0
38489.9,29.73,29.73,19.86,0,0,0,0
38541.5,31.92,31.92,19.86,0,0,0,0
38593.2,24.21,24.21,19.86,0,0,0,0
38646.8,31.15,31.15,19.86,0,0,0,0
38695.1,30.05,30.05,19.86,0,0,0,0
38749.8,34.21,34.21,19.86,0,0,0,0
38801.2,34.61,34.61,19.86,0,0,0,0
38846.1,29.91,29.91,19.86,0,0,0,0
38897.8,32.25,32.25,19.86,0,0,0,0
38948.9,27.61,27.61,19.86,0,0,0,0
39004.3,38.84,38.84,19.79,0,0,0,0
39055.0,38.82,38.82,19.79,0,0,0,0
39106.2,39.58,39.58,19.79,0,0,0,0
39156.5,34.40,34.40,19.79,0,0,0,0
39204.1,32.46,32.46,19.79,0,0,0,0
39258.7,36.53,36.53,19.79,0,0,0,0
39306.7,36.33,36.33,19.79,0,0,0,0
39358.2,33.79,33.79,19.79,0,0,0,0
39410.0,37.12,37.12,19.79,0,0,0,0
39456.0,33.50,33.50,19.79,0,0,0,0
39505.5,31.76,31.76,19.69,0,0,0,0
39556.5,30.34,30.34,19.69,0,0,0,0
39604.0,31.07,31.07,19.69,0,0,0,0
39655.3,31.25,31.25,19.69,0,0,0,0
39709.8,36.22,36.22,19.69,0,0,0,0
39756.7,30.13,30.13,19.69,0,0,0,0
39808.5,32.91,32.91,19.69,0,0,0,0
39857.8,31.91,31.91,19.69,0,0,0,0
39907.8,32.37,32.37,19.69,0,0,0,0
39953.2,28.10,28.10,19.69,0,0,0,0
40005.6,30.47,30.47,19.92,0,0,0,0
40056.2,31.37,31.37,19.92,0,0,0,0
40108.7,33.09,33.09,19.92,0,0,0,0
40160.5,34.12,34.12,19.92,0,0,0,0
40204.2,29.07,29.07,19.92,0,0,0,0
40260.1,34.38,34.38,19.92,0,0,0,0
40311.5,35.81,35.81,19.92,0,0,0,0
40362.0,31.31,31.31,19.92,0,0,0,0
40412.1,31.21,31.21,19.92,0,0,0,0
40466.9,36.50,36.50,19.92,-92,87,-11,-10
40517.1,33.49,33.49,19.74,0,0,0,0
40560.9,30.30,30.30,19.74,0,0,0,0
40611.9,31.18,31.18,19.74,0,0,0,0
40661.8,31.94,31.94,19.74,0,0,0,0
40713.1,27.23,27.23,19.74,0,0,0,0
40767.9,38.47,38.47,19.74,0,0,0,0
40813.1,33.23,33.23,19.74,0,0,0,0
40869.4,38.83,38.83,19.74,0,0,0,0
40915.7,28.47,28.47,19.74,0,0,0,0
40967.5,30.68,30.68,19.74,0,0,0,0
41017.2,31.62,31.62,19.84,0,0,0,0
41070.0,28.32,28.32,19.84,-224,93,-26,-11
41121.6,33.14,33.14,19.84,-224,95,-26,-11
41167.8,32.11,32.11,19.84,-222,98,-26,-11
41219.8,33.99,33.99,19.84,-222,101,-26,-12
41274.9,38.17,38.17,19.84,-223,102,-26,-12
41323.2,32.34,32.34,19.84,-225,105,-27,-12
41374.2,33.73,33.73,19.84,-225,105,-27,-12
41424.9,34.65,34.65,19.84,-224,105,-26,-12
41478.0,34.15,34.15,19.84,-220,104,-26,-12
41524.3,31.94,31.94,19.72,-206,97,-24,-11
41577.7,34.83,34.83,19.72,-195,92,-23,-11
41625.9,34.13,34.13,19.72,-183,88,-21,-10
41674.0,30.11,30.11,19.72,-171,83,-20,-9
41724.6,30.32,30.32,19.72,-149,72,-17,-8
41772.9,29.09,29.09,19.72,-139,68,-16,-8
41823.6,29.88,29.88,19.72,-129,64,-15,-7
41873.5,27.33,27.33,19.72,-113,55,-13,-6
41921.5,28.69,28.69,19.72,-106,51,-12,-6
41971.8,29.75,29.75,19.72,-99,46,-11,-5
42022.8,30.51,30.51,20.02,-92,41,-11,-4
42072.5,25.99,25.99,20.02,-85,38,-10,-4
42123.7,29.34,29.34,20.02,-72,28,-8,-3
42176.2,32.85,32.85,20.02,-66,25,-7,-3
42226.9,32.81,32.81,20.02,-60,24,-7,-2
42275.5,31.15,31.15,20.02,-55,21,-6,-2
42322.9,29.98,29.98,20.02,-44,20,-5,-2
42372.8,28.91,28.91,20.02,-40,18,-4,-2
42423.5,30.65,30.65,20.02,-36,17,-4,-2
42473.5,29.75,29.75,20.02,-33,17,-3,-2
42518.1,26.47,26.47,20.00,-28,16,-3,-1
42570.5,28.23,28.23,20.00,-26,15,-3,0
42622.4,30.58,30.58,20.00,-24,14,-2,0
42675.0,29.47,29.47,20.00,-21,14,-2,0
42723.6,29.91,29.91,20.00,-16,13,-1,0
42773.5,30.67,30.67,20.00,-15,11,0,0
42823.5,30.96,30.96,20.00,-14,10,0,0
42873.3,27.33,27.33,20.00,-13,9,0,0
42921.9,29.31,29.31,20.00,-14,9,0,0
42972.5,30.51,30.51,20.00,-14,12,0,0
43024.7,33.07,33.07,20.02,-14,16,0,-1
43077.5,33.28,33.28,20.02,-14,19,0,-2
43124.9,32.86,32.86,20.02,-14,21,0,-2
43174.7,32.02,32.02,20.02,-16,19,-1,-2
43223.1,31.02,31.02,20.02,-19,18,-2,-2
43274.6,27.81,27.81,20.02,-21,17,-2,-2
43325.0,29.10,29.10,20.02,-27,19,-3,-2
43377.0,31.21,31.21,20.02,-28,20,-3,-2
43429.4,28.34,28.34,20.02,-29,21,-3,-2
43477.9,31.16,31.16,20.02,-31,20,-3,-2
43530.4,34.06,34.06,19.81,-31,21,-3,-2
43580.6,34.00,34.00,19.81,-31,22,-3,-2
43636.2,32.43,32.43,19.81,-31,23,-3,-2
43682.4,31.04,31.04,19.81,-30,20,-3,-2
43732.1,31.05,31.05,19.81,-30,18,-3,-2
43783.1,33.06,33.06,19.81,-32,16,-3,-1
43834.5,27.31,27.31,19.81,-31,16,-3,-1
43881.4,31.22,31.22,19.81,-32,15,-3,0
43931.4,30.62,30.62,19.81,-34,12,-4,0
43982.2,31.98,31.98,19.81,-34,11,-4,0
44033.4,27.06,27.06,19.85,-33,12,-3,0
44081.3,30.42,30.42,19.85,-28,12,-3,0
44130.7,30.35,30.35,19.85,-26,10,-3,0
44180.9,31.16,31.16,19.85,0,0,0,0
44231.2,24.77,24.77,19.85,0,0,0,0
44280.7,30.92,30.92,19.85,-13,3,0,0
44330.0,30.43,30.43,19.85,0,0,0,0
44379.8,30.81,30.81,19.85,-11,2,0,0
44430.7,25.58,25.58,19.85,0,0,0,0
44485.4,35.56,35.56,19.85,-9,3,0,0
44532.9,33.77,33.77,20.04,-12,4,0,0
44582.5,33.48,33.48,20.04,0,0,0,0
44633.8,31.87,31.87,20.04,0,0,0,0
44678.4,29.78,29.78,20.04,0,0,0,0
44728.7,29.84,29.84,20.04,0,0,0,0
44779.0,30.67,30.67,20.04,0,0,0,0
44832.6,24.35,24.35,20.04,0,0,0,0
44887.7,28.78,28.78,20.04,0,0,0,0
44940.3,32.15,32.15,20.04,0,0,0,0
44992.5,27.24,27.24,20.04,-159,-3,-19,0
45037.1,28.05,28.05,19.64,-183,-7,-21,0
45088.1,29.85,29.85,19.64,-193,-10,-23,0
45139.0,31.27,31.27,19.64,-201,-11,-24,0
45192.4,28.61,28.61,19.64,-209,-12,-25,0
45241.3,32.38,32.38,19.64,-225,-10,-27,0
45289.6,30.27,30.27,19.64,-233,-9,-27,0
45341.9,33.49,33.49,19.64,-241,-7,-28,0
45395.3,32.61,32.61,19.64,-248,-6,-29,0
45442.4,30.48,30.48,19.64,-250,-3,-30,0
45493.8,32.25,32.25,19.64,-246,-2,-29,0
45544.4,33.08,33.08,19.91,-240,-2,-28,0
45597.5,33.37,33.37,19.91,-231,-3,-27,0
45648.6,36.30,36.30,19.91,0,0,0,0
45696.4,34.63,34.63,19.91,0,0,0,0
45744.3,32.96,32.96,19.91,0,0,0,0
45793.4,27.23,27.23,19.91,0,0,0,0
45842.0,26.42,26.42,19.91,0,0,0,0
45892.2,27.15,27.15,19.91,0,0,0,0
45942.6,27.94,27.94,19.91,0,0,0,0
45991.3,22.90,22.90,19.91,0,0,0,0
46040.2,26.78,26.78,19.90,-145,-10,-17,0
46090.2,26.78,26.78,19.90,0,0,0,0
46145.9,32.63,32.63,19.90,0,0,0,0
46193.6,29.78,29.78,19.90,0,0,0,0
46239.8,27.73,27.73,19.90,0,0,0,0
46289.1,26.68,26.68,19.90,0,0,0,0
46340.0,27.66,27.66,19.90,-187,-12,-22,0
46390.6,21.94,21.94,19.90,0,0,0,0
46444.0,25.04,25.04,19.90,-202,-13,-24,0
46494.2,26.13,26.13,19.90,0,0,0,0
46545.9,24.56,24.56,19.80,0,0,0,0
46592.4,22.30,22.30,19.80,-215,-17,-25,2
46643.8,25.57,25.57,19.80,0,0,0,0
46693.6,26.19,26.19,19.80,0,0,0,0
46744.9,24.82,24.82,19.80,0,0,0,0
46791.9,24.01,24.01,19.80,-223,-13,-26,0
46842.2,26.02,26.02,19.80,-224,-12,-26,0
46893.0,27.12,27.12,19.80,-225,-10,-27,0
46944.0,26.83,26.83,19.80,-228,-9,-27,0
46992.0,26.31,26.31,19.80,-228,-8,-27,0
47041.9,27.74,27.74,20.17,-228,-7,-27,0
47093.0,28.23,28.23,20.17,-230,-7,-27,0
47144.0,28.19,28.19,20.17,-232,-7,-27,0
47191.1,22.35,22.35,20.17,-230,-7,-27,0
47240.1,23.38,23.38,20.17,-226,-8,-27,0
47292.9,26.95,26.95,20.17,-220,-8,-26,0
47344.1,24.85,24.85,20.17,0,0,0,0
47390.6,24.64,24.64,20.17,-200,-10,-24,0
47439.0,23.63,23.63,20.17,-193,-10,-23,0
47488.4,23.45,23.45,20.17,0,0,0,0
47539.5,25.47,25.47,19.97,0,0,0,0
47586.7,21.52,21.52,19.97,0,0,0,0
47632.8,18.70,18.70,19.97,0,0,0,0
47686.9,23.54,23.54,19.97,-142,-13,-17,0
47738.5,25.19,25.19,19.97,0,0,0,0
47786.3,20.89,20.89,19.97,0,0,0,0
47832.8,19.01,19.01,19.97,-120,-14,-14,0
47887.0,24.30,24.30,19.97,-117,-13,-14,0
47941.9,29.12,29.12,19.97,-115,-13,-13,0
47988.0,19.93,19.93,19.97,-113,-13,-13,0
48035.9,21.84,21.84,20.04,-111,-13,-13,0
48087.0,23.84,23.84,20.04,-108,-13,-12,0
48139.0,26.06,26.06,20.04,-106,-13,-12,0
48190.1,25.19,25.19,20.04,-104,-13,-12,0
48236.8,22.28,22.28,20.04,0,0,0,0
48286.5,23.29,23.29,20.04,-94,-12,-11,0
48340.5,27.73,27.73,20.04,-90,-12,-10,0
48389.9,23.55,23.55,20.04,-85,-12,-10,0
48435.3,21.95,21.95,20.04,-75,-11,-9,0
48487.3,24.88,24.88,20.04,-70,-11,-8,0
48539.1,27.26,27.26,20.04,-65,-11,-7,0
48586.7,22.04,22.04,20.04,-60,-11,-7,0
48633.1,20.07,20.07,20.04,-52,-11,-6,0
48685.8,23.87,23.87,20.04,-47,-11,-5,0
48736.4,26.06,26.06,20.04,-42,-11,-5,0
48786.0,22.50,22.50,20.04,-34,-10,-4,0
48832.5,19.86,19.86,20.04,-13,-8,0,0
48884.4,23.72,23.72,20.04,-2,-6,0,0
48935.4,25.72,25.72,20.04,0,0,0,0
48984.4,22.12,22.12,20.04,0,0,0,0
49031.1,19.96,19.96,20.07,0,0,0,0
49082.9,23.26,23.26,20.07,0,0,0,0
49134.3,25.23,25.23,20.07,0,0,0,0
49184.4,22.93,22.93,20.07,0,0,0,0
49231.4,20.08,20.08,20.07,0,0,0,0
49283.0,23.03,23.03,20.07,0,0,0,0
49334.9,25.23,25.23,20.07,0,0,0,0
49384.9,22.21,22.21,20.07,0,0,0,0
49432.3,20.76,20.76,20.07,149,2,17,0
49485.9,25.62,25.62,20.07,156,1,18,0
49535.5,25.25,25.25,20.01,164,1,19,0
49586.8,22.96,22.96,20.01,172,1,20,0
49634.1,21.45,21.45,20.01,188,2,22,0
49686.7,25.15,25.15,20.01,196,3,23,0
49738.4,27.86,27.86,20.01,205,3,24,0
49788.1,23.54,23.54,20.01,213,3,25,0
49835.2,23.76,23.76,20.01,224,3,26,0
49885.9,25.10,25.10,20.01,227,1,27,0
49939.0,28.96,28.96,20.01,229,0,27,0
49988.1,22.99,22.99,20.01,230,-1,27,0
50046.7,36.58,36.58,20.05,0,0,0,0
50088.9,30.10,30.10,20.05,228,-3,27,0
50135.9,27.66,27.66,20.05,226,-2,27,0
50185.3,22.88,22.88,20.05,224,-2,26,0
50232.7,23.26,23.26,20.05,219,-1,26,0
50284.0,25.75,25.75,20.05,216,-1,25,0
50333.2,25.70,25.70,20.05,212,0,25,0
50383.7,24.12,24.12,20.05,206,0,24,0
50429.4,20.36,20.36,20.05,0,0,0,0
50485.6,28.88,28.88,20.05,197,-1,23,0
50534.0,27.96,27.96,20.15,193,-1,23,0
50584.6,24.72,24.72,20.15,0,0,0,0
50641.3,32.59,32.59,20.15,178,-1,21,0
50683.1,27.53,27.53,20.15,170,0,20,0
50731.1,25.92,25.92,20.15,163,1,19,0
50782.4,27.51,27.51,20.15,154,2,18,0
50830.7,26.74,26.74,20.15,142,3,17,0
50878.4,24.73,24.73,20.15,134,4,16,0
50929.5,25.71,25.71,20.15,127,5,15,0
50980.5,27.34,27.34,20.15,119,5,14,0
51032.9,24.24,24.24,19.87,105,6,12,0
51084.9,25.40,25.40,19.87,97,5,11,0
51136.7,27.46,27.46,19.87,89,5,10,0
51186.2,23.54,23.54,19.87,82,5,9,0
51233.2,22.55,22.55,19.87,68,5,8,0
51285.4,25.44,25.44,19.87,60,5,7,0
51339.7,29.86,29.86,19.87,54,6,6,0
51393.8,28.81,28.81,19.87,48,6,5,0
51441.6,30.62,30.62,19.87,37,5,4,0
51485.7,25.11,25.11,19.87,32,5,3,0
51538.7,27.82,27.82,19.93,27,5,3,0
51588.9,24.38,24.38,19.93,23,6,2,0
51638.2,27.36,27.36,19.93,16,6,1,0
51688.2,28.42,28.42,19.93,13,6,0,0
51741.0,31.18,31.18,19.93,10,6,0,0
51791.6,24.66,24.66,19.93,7,6,0,0
51837.6,28.32,28.32,19.93,3,6,0,0
51888.9,30.09,30.09,19.93,1,6,0,0
51938.6,30.38,30.38,19.93,-1,6,0,0
51989.9,25.85,25.85,19.93,-2,6,0,0
52035.8,28.21,28.21,20.12,-5,6,0,0
52087.2,29.70,29.70,20.12,-5,6,0,0
52140.0,31.99,31.99,20.12,-6,6,0,0
52192.1,29.65,29.65,20.12,-6,6,0,0
52236.8,28.81,28.81,20.12,-7,5,0,0
52292.3,34.50,34.50,20.12,-7,3,0,0
52341.9,35.60,35.60,20.12,-7,0,0,0
52392.0,36.00,36.00,20.12,0,0,0,0
52441.8,29.49,29.49,20.12,0,0,0,0
52491.5,29.43,29.43,20.12,0,0,0,0
52553.6,41.40,41.40,19.84,0,0,0,0
52612.4,42.07,42.07,19.84,0,0,0,0
52656.9,32.95,32.95,19.84,0,0,0,0
52706.1,31.18,31.18,19.84,0,0,0,0
52754.7,27.54,27.54,19.84,0,0,0,0
52803.7,30.85,30.85,19.84,0,0,0,0
52853.5,29.98,29.98,19.84,0,0,0,0
52903.9,30.88,30.88,19.84,0,0,0,0
52954.2,29.25,29.25,19.84,0,0,0,0
53002.9,30.38,30.38,19.84,0,0,0,0
53056.8,34.14,34.14,19.57,0,0,0,0
53108.7,35.87,35.87,19.57,0,0,0,0
53156.7,30.70,30.70,19.57,0,0,0,0
53207.6,31.83,31.83,19.57,0,0,0,0
53259.2,33.37,33.37,19.57,0,0,0,0
53308.8,33.64,33.64,19.57,0,0,0,0
53354.9,28.88,28.88,19.57,0,0,0,0
53411.1,36.42,36.42,19.57,0,0,0,0
53455.5,31.44,31.44,19.57,0,0,0,0
53506.8,31.68,31.68,19.57,0,0,0,0
53556.5,31.35,31.35,19.94,0,0,0,0
53604.5,30.94,30.94,19.94,0,0,0,0
53656.2,33.05,33.05,19.94,0,0,0,0
53706.6,34.27,34.27,19.94,0,0,0,0
53754.6,26.29,26.29,19.94,0,0,0,0
53803.8,29.49,29.49,19.94,0,0,0,0
53853.4,28.87,28.87,19.94,0,0,0,0
53908.3,33.92,33.92,19.94,0,0,0,0
53954.7,29.32,29.32,19.94,-35,-274,-4,32
54005.0,31.16,31.16,19.94,-34,-273,-4,32
54058.0,34.06,34.06,20.03,0,0,0,0
54110.8,36.93,36.93,20.03,0,0,0,0
54164.0,33.85,33.85,20.03,0,0,0,0
54212.5,33.86,33.86,20.03,0,0,0,0
54263.7,34.73,34.73,20.03,0,0,0,0
54318.2,39.37,39.37,20.03,0,0,0,0
54365.9,32.75,32.75,20.03,0,0,0,0
54413.8,31.48,31.48,20.03,0,0,0,0
54463.2,30.90,30.90,20.03,0,0,0,0
54513.7,27.98,27.98,20.03,0,0,0,0
54564.5,32.94,32.94,19.69,0,0,0,0
54613.3,32.14,32.14,19.69,0,0,0,0
54661.9,31.04,31.04,19.69,0,0,0,0
54711.0,25.45,25.45,19.69,0,0,0,0
54757.3,28.10,28.10,19.69,0,0,0,0
54807.9,29.19,29.19,19.69,0,0,0,0
54857.7,28.51,28.51,19.69,0,0,0,0
54907.5,23.99,23.99,19.69,0,0,0,0
54955.6,26.90,26.90,19.69,0,0,0,0
55007.0,28.92,28.92,19.69,0,0,0,0
55057.2,28.78,28.78,20.13,0,0,0,0
55107.8,24.81,24.81,20.13,0,0,0,0
55153.4,25.38,25.38,20.13,0,0,0,0
55205.2,26.96,26.96,20.13,18,6,2,0
55255.4,27.03,27.03,20.13,0,0,0,0
55306.5,24.78,24.78,20.13,0,0,0,0
55353.7,24.24,24.24,20.13,0,0,0,0
55404.7,26.88,26.88,20.13,16,-8,1,0
55455.3,27.71,27.71,20.13,0,0,0,0
55506.7,28.36,28.36,20.13,0,0,0,0
55557.5,31.61,31.61,20.05,0,0,0,0
55605.5,29.37,29.37,20.05,0,0,0,0
55657.5,31.40,31.40,20.05,0,0,0,0
55708.5,28.29,28.29,20.05,0,0,0,0
55752.8,25.70,25.70,20.05,0,0,0,0
55807.1,30.82,30.82,20.05,0,0,0,0
55856.1,29.96,29.96,20.05,0,0,0,0
55906.7,25.99,25.99,20.05,0,0,0,0
55954.0,24.80,24.80,20.05,0,0,0,0
56004.1,28.27,28.27,20.05,14,-95,0,11
56055.6,30.22,30.22,20.06,14,-96,0,11
56106.3,30.85,30.85,20.06,13,-100,0,12
56154.4,29.75,29.75,20.06,13,-102,0,12
56204.4,30.14,30.14,20.06,12,-107,0,12
56256.0,30.99,30.99,20.06,0,0,0,0
56306.4,31.93,31.93,20.06,11,-111,0,13
56358.6,33.79,33.79,20.06,10,-113,0,13
56412.1,38.87,38.87,20.06,0,0,0,0
56459.7,35.25,35.25,20.06,7,-116,0,13
56510.9,33.24,33.24,20.06,0,0,0,0
56556.7,30.90,30.90,19.95,6,-112,0,13
56606.6,30.42,30.42,19.95,0,0,0,0
56657.4,30.83,30.83,19.95,5,-109,0,13
56710.7,34.18,34.18,19.95,4,-109,0,13
56754.1,27.57,27.57,19.95,4,-104,0,12
56804.7,27.97,27.97,19.95,4,-103,0,12
56855.0,28.81,28.81,19.95,0,0,0,0
56906.0,28.84,28.84,19.95,4,-101,0,12
56953.6,24.47,24.47,19.95,4,-100,0,12
57005.2,29.01,29.01,19.95,4,-100,0,12
57057.5,30.92,30.92,20.02,4,-100,0,12
57109.8,28.26,28.26,20.02,3,-100,0,12
57154.9,29.14,29.14,20.02,2,-97,0,11
57205.5,29.20,29.20,20.02,0,-97,0,11
57257.0,30.58,30.58,20.02,0,0,0,0
57308.5,27.58,27.58,20.02,-2,-96,0,11
57358.3,29.28,29.28,20.02,-5,-92,0,11
57407.3,28.31,28.31,20.02,-6,-90,0,10
57457.1,28.01,28.01,20.02,-7,-88,0,10
57507.1,23.76,23.76,20.02,-9,-88,0,10
57553.3,23.36,23.36,19.89,0,0,0,0
57603.5,25.04,25.04,19.89,0,0,0,0
57655.1,27.11,27.11,19.89,-14,-84,0,10
57707.2,25.52,25.52,19.89,-15,-85,0,10
57754.0,24.28,24.28,19.89,-17,-86,-2,10
57805.2,26.79,26.79,19.89,0,0,0,0
57854.9,27.02,27.02,19.89,-19,-86,-2,10
57905.7,26.99,26.99,19.89,0,0,0,0
57954.8,25.76,25.76,19.89,0,0,0,0
58002.8,24.51,24.51,19.89,0,0,0,0
58056.6,27.68,27.68,20.02,0,0,0,0
58110.1,26.80,26.80,20.02,-24,-89,-2,10
58154.4,25.82,25.82,20.02,0,0,0,0
58205.3,26.44,26.44,20.02,0,0,0,0
58256.7,28.01,28.01,20.02,0,0,0,0
58307.3,24.10,24.10,20.02,0,0,0,0
58353.7,23.70,23.70,20.02,0,0,0,0
58404.6,25.43,25.43,20.02,-23,-86,-2,10
58455.5,27.12,27.12,20.02,-23,-86,-2,10
58511.5,29.41,29.41,20.02,-23,-86,-2,10
58553.8,24.78,24.78,19.99,0,0,0,0
58607.7,29.62,29.62,19.99,-23,-87,-2,10
58657.0,28.54,28.54,19.99,-23,-87,-2,10
58707.5,24.51,24.51,19.99,-24,-87,-2,10
58763.9,36.39,36.39,19.99,0,0,0,0
58806.8,29.01,29.01,19.99,0,0,0,0
58856.3,27.64,27.64,19.99,0,0,0,0
58908.2,25.99,25.99,19.99,0,0,0,0
58956.8,27.40,27.40,19.99,0,0,0,0
59005.9,27.32,27.32,19.99,0,0,0,0
59056.3,27.77,27.77,20.02,0,0,0,0
59108.3,28.37,28.37,20.02,0,0,0,0
59156.6,28.25,28.25,20.02,0,0,0,0
59204.9,27.19,27.19,20.02,0,0,0,0
59256.3,28.67,28.67,20.02,0,0,0,0
59306.4,24.91,24.91,20.02,0,0,0,0
59353.3,24.80,24.80,20.02,0,0,0,0
59405.1,28.32,28.32,20.02,-19,-61,-2,7
59454.8,28.22,28.22,20.02,-19,-61,-2,7
59508.2,26.81,26.81,20.02,-19,-62,-2,7
59552.1,25.71,25.71,20.07,-19,-61,-2,7
59603.6,26.95,26.95,20.07,0,0,0,0
59654.6,27.98,27.98,20.07,-18,-60,-2,7
59707.2,26.35,26.35,20.07,-18,-60,-2,7
59754.0,27.72,27.72,20.07,-17,-56,-2,6
59803.9,27.90,27.90,20.07,-16,-52,-1,6
59854.2,28.46,28.46,20.07,-15,-48,0,5
59905.6,29.01,29.01,20.07,-14,-41,0,4
59952.2,26.01,26.01,20.07,0,0,0,0
60003.3,26.99,26.99,20.07,0,0,0,0
60051.4,25.54,25.54,20.03,-8,-4,0,0
60102.4,25.42,25.42,20.03,0,0,0,0
60152.5,25.85,25.85,20.03,0,0,0,0
60202.1,27.88,27.88,20.03,0,31,0,-3
60252.0,27.70,27.70,20.03,0,0,0,0
60303.3,28.45,28.45,20.03,0,0,0,0
60353.3,23.71,23.71,20.03,0,0,0,0
60400.3,27.19,27.19,20.03,0,0,0,0
60449.7,26.49,26.49,20.03,0,0,0,0
60502.2,29.31,29.31,20.03,6,75,0,-9
60551.5,24.20,24.20,20.12,0,0,0,0
60597.2,24.27,24.27,20.12,0,0,0,0
60648.4,26.00,26.00,20.12,3,94,0,-11
60700.6,29.07,29.07,20.12,2,98,0,-11
60748.8,22.70,22.70,20.12,0,0,0,0
60795.7,25.02,25.02,20.12,-1,116,0,-13
60846.1,25.47,25.47,20.12,0,0,0,0
60897.5,27.84,27.84,20.12,0,0,0,0
60946.8,23.37,23.37,20.12,-2,131,0,-15
60993.6,23.25,23.25,20.12,-2,142,0,-17
61045.5,26.55,26.55,20.16,-2,146,0,-17
61099.8,30.64,30.64,20.16,0,0,0,0
61149.3,23.85,23.85,20.16,0,0,0,0
61193.3,24.75,24.75,20.16,0,0,0,0
61243.7,25.51,25.51,20.16,-7,162,0,-19
61294.5,26.77,26.77,20.16,-8,164,0,-19
61346.3,23.99,23.99,20.16,-9,167,0,-20
61392.7,23.77,23.77,20.16,-12,164,0,-19
61444.8,26.92,26.92,20.16,-13,164,0,-19
61495.2,26.82,26.82,20.16,-14,164,0,-19
61546.4,24.08,24.08,20.05,-15,165,0,-19
61593.7,25.66,25.66,20.05,-15,168,0,-20
61644.9,27.26,27.26,20.05,-15,167,0,-20
61694.2,26.65,26.65,20.05,0,0,0,0
61747.2,26.63,26.63,20.05,0,0,0,0
61792.8,24.32,24.32,20.05,0,0,0,0
61842.3,25.91,25.91,20.05,0,0,0,0
61891.7,25.98,25.98,20.05,0,0,0,0
61942.3,25.69,25.69,20.05,0,0,0,0
61992.7,24.04,24.04,20.05,0,0,0,0
62042.7,27.40,27.40,20.11,-15,132,0,-15
62091.7,26.95,26.95,20.11,-15,132,0,-15
62142.0,26.81,26.81,20.11,0,0,0,0
62189.8,21.85,21.85,20.11,0,0,0,0
62237.6,23.81,23.81,20.11,-15,142,0,-17
62290.5,27.06,27.06,20.11,-16,145,-1,-17
62340.8,27.30,27.30,20.11,-16,149,-1,-17
62389.7,23.27,23.27,20.11,-16,152,-1,-18
62437.5,25.29,25.29,20.11,-16,153,-1,-18
62487.9,25.46,25.46,20.11,-16,153,-1,-18
62539.6,27.52,27.52,20.10,-16,153,-1,-18
62589.8,23.43,23.43,20.10,-16,153,-1,-18
62636.0,23.66,23.66,20.10,0,0,0,0
62689.2,27.74,27.74,20.10,-16,150,-1,-18
62738.8,27.42,27.42,20.10,-17,148,-2,-17
62781.8,20.77,20.77,20.10,0,0,0,0
62842.2,29.52,29.52,20.10,-20,146,-2,-17
62888.9,28.35,28.35,20.10,-23,144,-2,-17
62939.6,29.55,29.55,20.10,-26,143,-3,-17
62989.0,22.76,22.76,20.10,-28,142,-3,-17
63037.9,26.73,26.73,20.09,-31,143,-3,-17
63086.6,26.60,26.60,20.09,-33,141,-3,-16
63136.1,26.53,26.53,20.09,-34,139,-4,-16
63187.1,23.83,23.83,20.09,-35,139,-4,-16
63234.2,24.01,24.01,20.09,-36,134,-4,-16
63284.6,26.23,26.23,20.09,0,0,0,0
63334.8,26.24,26.24,20.09,-36,126,-4,-15
63387.5,25.32,25.32,20.09,-36,120,-4,-14
63434.3,23.14,23.15,20.09,0,0,0,0
63485.4,26.77,26.77,20.09,-34,106,-4,-12
63536.0,27.66,27.66,20.09,-33,102,-3,-12
63586.6,25.11,25.11,20.09,-31,97,-3,-11
63633.0,23.71,23.71,20.09,-29,90,-3,-10
63684.0,25.72,25.72,20.09,0,0,0,0
63734.4,26.46,26.46,20.09,0,0,0,0
63786.1,25.09,25.09,20.09,0,0,0,0
63833.2,23.60,23.60,20.09,0,0,0,0
63882.3,23.79,23.79,20.09,0,0,0,0
63935.5,27.01,27.01,20.09,-22,75,-2,-9
63987.0,25.47,25.47,20.09,0,0,0,0
64034.2,24.27,24.27,19.97,0,0,0,0
64085.2,26.89,26.89,19.97,0,0,0,0
64135.8,27.53,27.53,19.97,-21,67,-2,-8
64187.5,25.73,25.73,19.97,-21,67,-2,-8
64235.9,26.86,26.86,19.97,-22,70,-2,-8
64285.7,28.14,28.14,19.97,-21,71,-2,-8
64335.7,28.74,28.74,19.97,-22,71,-2,-8
64387.4,25.58,25.58,19.97,-21,72,-2,-8
64434.1,25.63,25.63,19.97,-21,72,-2,-8
64484.0,26.59,26.59,19.97,-21,71,-2,-8
64534.7,27.99,27.99,20.09,-21,69,-2,-8
64588.2,27.04,27.04,20.09,-20,66,-2,-7
64648.0,40.08,40.08,20.09,0,0,0,0
64690.5,30.80,30.80,20.09,-17,57,-2,-6
64739.3,29.85,29.85,20.09,-17,53,-2,-6
64789.5,24.77,24.77,20.09,-18,49,-2,-5
64845.2,35.65,35.65,20.09,0,0,0,0
64896.3,36.76,36.76,20.09,0,0,0,0
64947.2,37.61,37.61,20.09,-20,33,-2,-3
64994.8,28.67,28.67,20.09,0,0,0,0
65050.1,33.90,33.90,19.64,0,0,0,0
65098.7,33.53,33.53,19.64,0,0,0,0
65147.7,33.19,33.19,19.64,0,0,0,0
65195.7,25.87,25.87,19.64,0,0,0,0
65250.3,35.12,35.12,19.64,-36,-7,-4,0
65299.2,33.79,33.79,19.64,-40,-10,-4,0
65350.7,30.88,30.88,19.64,0,0,0,0
65395.8,28.02,28.02,19.64,-52,-17,-6,2
65447.3,29.20,29.20,19.64,-56,-19,-6,2
65499.4,30.53,30.53,19.64,0,0,0,0
65548.5,28.94,28.94,19.90,-67,-24,-8,2
65599.8,30.78,30.78,19.90,-79,-28,-9,3
65652.2,32.30,32.30,19.90,-86,-31,-10,3
65700.8,32.48,32.48,19.90,-92,-33,-11,3
65751.7,24.82,24.82,19.90,-101,-36,-12,4
65803.5,31.23,31.23,19.90,-117,-36,-14,4
65854.8,32.85,32.85,19.90,-123,-38,-14,4
65904.1,33.02,33.02,19.90,-130,-40,-15,4
65951.2,27.26,27.26,19.90,-136,-39,-16,4
66005.0,32.26,32.26,19.90,-146,-42,-17,5
66053.4,30.59,30.59,19.84,-149,-45,-17,5
66103.8,32.04,32.04,19.84,-153,-49,-18,5
66158.5,33.84,33.84,19.84,-155,-52,-18,6
66202.3,28.82,28.82,19.84,-160,-57,-19,6
66254.0,30.62,30.62,19.84,-163,-60,-19,7
66304.4,30.54,30.54,19.84,-164,-62,-19,7
66350.3,26.98,26.98,19.84,0,0,0,0
66397.1,24.72,24.72,19.84,0,0,0,0
66450.7,28.28,28.28,19.84,-168,-74,-20,8
66506.2,33.32,33.32,19.84,-169,-77,-20,9
66551.4,28.78,28.78,20.03,0,0,0,0
66606.0,34.93,34.93,20.03,-169,-81,-20,9
66649.2,28.93,28.93,20.03,0,0,0,0
66699.0,28.01,28.01,20.03,-170,-81,-20,9
66749.2,23.60,23.60,20.03,-171,-82,-20,9
66796.5,24.75,24.75,20.03,-179,-84,-21,10
66845.7,24.44,24.44,20.03,-180,-86,-21,10
66897.0,27.11,27.11,20.03,-179,-87,-21,10
66947.4,23.64,23.64,20.03,-178,-88,-21,10
66993.2,21.95,21.95,20.03,0,0,0,0
67043.7,23.13,23.13,20.05,0,0,0,0
67095.3,26.53,26.53,20.05,0,0,0,0
67144.7,22.92,22.92,20.05,0,0,0,0
67191.5,20.20,20.20,20.05,0,0,0,0
67244.9,25.52,25.52,20.05,0,0,0,0
67292.7,23.80,23.80,20.05,0,0,0,0
67343.7,22.97,22.97,20.05,-101,-96,-12,11
67390.4,20.26,20.26,20.05,-100,-101,-12,12
67442.7,24.72,24.72,20.05,0,0,0,0
67493.2,25.53,25.53,20.05,0,0,0,0
67544.8,25.10,25.10,20.11,0,0,0,0
67591.2,22.00,22.00,20.11,0,0,0,0
67641.1,23.34,23.34,20.11,0,0,0,0
67692.0,25.76,25.76,20.11,0,0,0,0
67744.2,25.18,25.18,20.11,0,0,0,0
67790.4,21.96,21.96,20.11,0,0,0,0
67844.8,27.88,27.88,20.11,0,0,0,0
67894.1,27.22,27.22,20.11,0,0,0,0
67944.2,23.92,23.92,20.11,0,0,0,0
67991.1,20.95,20.95,20.11,0,0,0,0
68048.3,31.70,31.70,20.07,0,0,0,0
68094.5,28.68,28.68,20.07,0,0,0,0
68144.9,28.10,28.10,20.07,0,0,0,0
68191.6,21.69,21.69,20.07,0,0,0,0
68241.9,26.02,26.02,20.07,0,0,0,0
68293.7,27.89,27.89,20.07,0,0,0,0
68344.6,26.74,26.74,20.07,0,0,0,0
68393.1,25.99,25.99,20.07,-247,-132,-29,15
68443.6,27.29,27.29,20.07,-245,-130,-29,15
68495.5,29.21,29.21,20.07,-243,-129,-29,15
68546.6,28.47,28.47,20.02,0,0,0,0
68592.6,25.98,25.98,20.02,-238,-126,-28,15
68643.1,27.36,27.36,20.02,-238,-125,-28,15
68692.2,26.09,26.09,20.02,-237,-122,-28,14
68744.3,26.59,26.59,20.02,-235,-120,-28,14
68791.1,22.57,22.57,20.02,0,0,0,0
68847.9,32.27,32.27,20.02,0,0,0,0
68894.1,28.06,28.06,20.02,0,0,0,0
68943.6,25.27,25.27,20.02,0,0,0,0
68991.5,25.10,25.10,20.02,0,0,0,0
69037.7,23.01,23.01,20.04,0,0,0,0
69087.8,23.88,23.88,20.04,0,0,0,0
69137.7,25.57,25.57,20.04,0,0,0,0
69188.0,23.87,23.87,20.04,0,0,0,0
69237.6,24.03,24.03,20.04,-127,-76,-15,9
69291.6,28.22,28.22,20.04,0,0,0,0
69341.6,28.65,28.65,20.04,0,0,0,0
69390.4,22.38,22.38,20.04,-126,-74,-15,8
69444.2,31.87,31.87,20.04,-127,-73,-15,8
69491.5,28.95,28.95,20.04,-127,-72,-15,8
69541.0,28.03,28.03,20.08,-127,-73,-15,8
69592.3,22.17,22.17,20.08,-126,-72,-15,8
69647.2,27.86,27.86,20.08,-125,-71,-15,8
69695.9,26.96,26.96,20.08,-123,-71,-14,8
69746.5,24.57,24.57,20.08,-123,-71,-14,8
69793.0